acrR	acrA	-
acrR	acrB	-
acrR	acrR	-
acrR	micF	-
ada	ada	+-
ada	alkB	+-
ada	alkA	+
ada	aidB	+
adiY	adiA	+
agaR	kbaY	-
agaR	agaB	-
agaR	agaC	-
agaR	agaV	-
agaR	agaS	-
agaR	agaD	-
agaR	agaI	-
agaR	kbaZ	-
agaR	agaR	-
alaS	alaS	-
allR	glxK	-
allR	ybbY	-
allR	allB	-
allR	ybbW	-
allR	ybbV	-
allR	glxR	-
allR	hyi	-
allR	allA	-
allR	allS	-
allR	gcl	-
allS	allE	+
allS	allC	+
allS	allD	+
alpA	intA	+
rpiR	rpiB	-
rpiR	alsC	-
rpiR	alsA	-
rpiR	alsB	-
rpiR	rpiR	-
rpiR	alsE	-
appY	appC	+
appY	yccB	+
appY	appB	+
appY	hyaF	+
appY	hyaE	+
appY	hyaD	+
appY	hyaC	+
appY	hyaB	+
appY	hyaA	+
appY	appA	+
araC	araC	+-
araC	araB	+-
araC	araA	+-
araC	araD	+-
araC	araE	+
araC	araF	+
araC	xylB	-
araC	araH	+
araC	araJ	+
araC	xylA	-
araC	araG	+
arcA	moeB	+
arcA	cydA	+
arcA	cydB	+
arcA	cyoA	-
arcA	cyoB	-
arcA	cyoC	-
arcA	cyoD	-
arcA	cyoE	-
arcA	fadA	-
arcA	fadB	-
arcA	fadL	-
arcA	fnr	-
arcA	fumA	-
arcA	fumB	+
arcA	fumC	-
arcA	glpA	-
arcA	glpB	-
arcA	glpC	-
arcA	glpD	-
arcA	gltA	-
arcA	hemA	+
arcA	hyaA	+
arcA	hyaB	+
arcA	hyaC	+
arcA	hyaD	+
arcA	hyaE	+
arcA	hyaF	+
arcA	icd	-
arcA	rpoS	-
arcA	lpd	-
arcA	mdh	-
arcA	ndh	+
arcA	oppA	-
arcA	oppB	-
arcA	oppC	-
arcA	oppD	-
arcA	oppF	-
arcA	pflB	+
arcA	prfA	+
arcA	nuoH	-
arcA	nuoI	-
arcA	nuoJ	-
arcA	nuoK	-
arcA	nuoL	-
arcA	nuoN	-
arcA	treB	+
arcA	gadX	+
arcA	acnB	-
arcA	gatA	-
arcA	gatB	-
arcA	gatC	-
arcA	gatD	-
arcA	gatY	-
arcA	prmC	+
arcA	puuR	-
arcA	caiE	+
arcA	dctA	-
arcA	glcB	-
arcA	xylR	+
arcA	gadA	+
arcA	glcF	-
arcA	fadE	-
arcA	ybdN	+
arcA	dcuC	+
arcA	rutG	+
arcA	rutF	+
arcA	rutE	+
arcA	rutD	+
arcA	rutC	+
arcA	rutB	+
arcA	rutA	+
arcA	iraM	+
arcA	puuA	-
arcA	puuD	-
arcA	tpx	-
arcA	gatZ	-
arcA	fadJ	-
arcA	fadI	-
arcA	glcA	-
arcA	glcG	-
arcA	glcE	-
arcA	glcD	-
arcA	hybO	-
arcA	yccB	+
arcA	cydC	+
arcA	aceA	-
arcA	aceB	-
arcA	aceE	-
arcA	aceF	-
arcA	aceK	-
arcA	ackA	+
arcA	aldA	-
arcA	appA	+
arcA	betA	-
arcA	betB	-
arcA	betI	-
arcA	betT	-
arcA	cadA	-
arcA	cadB	-
arcA	moeA	+
arcA	ptsG	-
arcA	rplB	-
arcA	rplC	-
arcA	rplD	-
arcA	rplP	-
arcA	rplV	-
arcA	rplW	-
arcA	rpmC	-
arcA	rpsC	-
arcA	rpsJ	-
arcA	rpsQ	-
arcA	rpsS	-
arcA	sdhA	+-
arcA	sdhB	+-
arcA	sdhC	+-
arcA	sdhD	+-
arcA	sodA	-
arcA	ssb	-
arcA	sucA	+-
arcA	sucB	+-
arcA	sucC	+-
arcA	sucD	+-
arcA	uvrA	-
arcA	focA	+
arcA	rhaT	-
arcA	acnA	-
arcA	ubiC	-
arcA	ubiA	-
arcA	appB	+
arcA	appC	+
arcA	treC	+
arcA	cydD	+
arcA	fadD	-
arcA	caiD	+
arcA	caiC	+
arcA	caiB	+
arcA	caiA	+
arcA	caiT	+
arcA	ydeA	-
arcA	nuoM	-
arcA	nuoF	-
arcA	yfiD	+
arcA	hybA	-
arcA	hybB	-
arcA	hybC	-
arcA	hybD	-
arcA	hybE	-
arcA	hybF	-
arcA	hybG	-
arcA	lldP	-
arcA	lldR	-
arcA	lldD	-
arcA	nuoA	-
arcA	nuoB	-
arcA	nuoC	-
arcA	nuoE	-
arcA	nuoG	-
argP	recF	+
argP	nrdB	+
argP	nrdA	+
argP	dnaN	+
argP	dnaA	+
argP	dapB	+
argP	argO	+
argR	argA	-
argR	gltF	-
argR	argE	-
argR	argH	-
argR	rimP	-
argR	rbfA	-
argR	truB	-
argR	rpsO	-
argR	pnp	-
argR	nusA	-
argR	infB	-
argR	hisP	-
argR	gltD	-
argR	gltB	-
argR	carB	-
argR	artP	-
argR	artI	-
argR	artQ	-
argR	artM	-
argR	artJ	-
argR	hisJ	-
argR	hisQ	-
argR	metY	-
argR	astE	+
argR	astB	+
argR	astD	+
argR	astA	+
argR	astC	+
argR	hisM	-
argR	argB	-
argR	argC	-
argR	argD	-
argR	argF	-
argR	argG	-
argR	argI	-
argR	argR	-
argR	carA	-
arsR	arsR	-
arsR	arsC	-
arsR	arsB	-
ascG	ascB	-
ascG	ascF	-
ascG	ascG	-
ascG	htpG	-
ascG	prpR	-
asnC	asnC	-
asnC	asnA	+
asnC	mnmG	-
asnC	mioC	-
atoC	atoD	+
atoC	atoA	+
atoC	atoE	+
atoC	atoB	+
baeR	mdtC	+
baeR	mdtB	+
baeR	mdtA	+
baeR	spy	+
baeR	mdtD	+
baeR	baeR	+
baeR	baeS	+
baeR	acrD	+
baeR	ycaC	+
betI	betT	-
betI	betB	-
betI	betA	-
betI	betI	-
bglJ	bglG	+
bglJ	bglF	+
bglJ	bglB	+
birA	bioD	-
birA	bioC	-
birA	bioB	-
birA	bioA	-
birA	bioF	-
bolA	ampC	+-
bolA	dacC	+-
cadC	cadB	+
cadC	cadA	+
cadC	cadC	+
caiF	caiA	+
caiF	caiT	+
caiF	fixA	+
caiF	fixC	+
caiF	fixX	+
caiF	caiE	+
caiF	caiB	+
caiF	caiC	+
caiF	caiD	+
caiF	fixB	+
cbl	ssuB	+
cbl	tauD	+
cbl	tauA	+
cbl	tauB	+
cbl	ssuE	+
cbl	ssuC	+
cbl	ssuD	+
cbl	ssuA	+
cbl	tauC	+
cdaR	garL	+
cdaR	garK	+
cdaR	garR	+
cdaR	cdaR	+
cdaR	gudP	+
cdaR	garP	+
cdaR	rnpB	+
cdaR	gudD	+
cdaR	gudX	+
cdaR	garD	+
chbR	chbB	+-
chbR	chbC	+-
chbR	chbG	+-
chbR	chbR	+-
chbR	chbF	+-
chbR	chbA	+-
cpxR	yjeP	-
cpxR	cpxP	+
cpxR	cpxR	+
cpxR	aroG	+
cpxR	cheA	-
cpxR	cheW	-
cpxR	cpxA	+
cpxR	lpxD	+
cpxR	hha	+
cpxR	hlpA	+
cpxR	degP	+
cpxR	lpxA	+
cpxR	motA	-
cpxR	motB	-
cpxR	ompC	+
cpxR	ompF	-
cpxR	ppiA	+
cpxR	psd	-
cpxR	rpoH	+
cpxR	smpA	-
cpxR	tsr	-
cpxR	ung	-
cpxR	dsbC	+
cpxR	yccA	+
cpxR	fabZ	+
cpxR	dsbA	+
cpxR	csgA	-
cpxR	baeS	+
cpxR	baeR	+
cpxR	ydeH	+
cpxR	bacA	+
cpxR	yidQ	+
cpxR	yebE	+
cpxR	rdoA	+
cpxR	rpoE	-
cpxR	mdtD	+
cpxR	rseA	-
cpxR	tomB	+
cpxR	ppiD	+
cpxR	csgG	-
cpxR	csgF	-
cpxR	csgE	-
cpxR	csgD	-
cpxR	csgB	-
cpxR	csgC	-
cpxR	ycfS	+
cpxR	spy	+
cpxR	ftnB	+
cpxR	mdtA	+
cpxR	mdtB	+
cpxR	mdtC	+
cpxR	rseC	-
cpxR	rseB	-
cpxR	yqjA	+
cpxR	mzrA	+
cpxR	acrD	+
creB	creD	+
crp	murP	+
crp	hyfC	+
crp	hyfD	+
crp	hyfE	+
crp	hyfF	+
crp	hyfG	+
crp	hyfH	+
crp	hyfI	+
crp	hyfJ	+
crp	hyfR	+
crp	focB	+
crp	csiE	+
crp	csiD	+
crp	glcC	+
crp	aer	+
crp	tdcG	+
crp	tdcF	+
crp	tdcE	+
crp	kbaZ	+
crp	agaV	+
crp	yhcH	+
crp	nanK	+
crp	nanE	+
crp	hofP	+
crp	hofO	+
crp	hofN	+
crp	hofM	+
crp	gntX	+
crp	nfuA	+
crp	dcuR	+
crp	ulaA	+
crp	ulaD	+
crp	ulaE	+
crp	ulaF	+
crp	idnR	+
crp	idnO	+
crp	idnD	+
crp	nanM	+
crp	nanC	+
crp	uxaC	+
crp	srlA	+
crp	mhpA	+
crp	mhpB	+
crp	mhpC	+
crp	mhpD	+
crp	mhpF	+
crp	azuC	-
crp	ykgR	+
crp	ulaB	+
crp	ulaC	+
crp	idnT	+
crp	gntP	+
crp	caiE	+
crp	gntK	+
crp	gntU	+
crp	uxaA	+
crp	exuT	+
crp	dctA	+
crp	hpt	+
crp	uxuB	+
crp	uxuR	+
crp	xylF	+
crp	xylR	+
crp	metY	-
crp	spf	-
crp	gadA	-
crp	cyaR	+
crp	nanT	+
crp	caiF	+
crp	prpR	+
crp	prpB	+
crp	prpC	+
crp	prpD	+
crp	prpE	+
crp	mhpE	+
crp	fiu	+
crp	csgG	+
crp	csgF	+
crp	csgE	+
crp	csgD	+
crp	hlyE	+
crp	feaR	+
crp	maoC	+
crp	paaA	+
crp	paaB	+
crp	paaC	+
crp	paaD	+
crp	paaE	+
crp	paaF	+
crp	paaG	+
crp	paaH	+
crp	paaI	+
crp	paaJ	+
crp	paaK	+
crp	gadC	-
crp	lsrK	+
crp	lsrR	+
crp	lsrA	+
crp	lsrC	+
crp	lsrD	+
crp	lsrB	+
crp	lsrF	+
crp	lsrG	+
crp	tam	+
crp	ynfK	+
crp	dgsA	+-
crp	uidC	+
crp	gatZ	+
crp	yeiT	+
crp	murQ	+
crp	rbsK	+
crp	rbsR	+
crp	relA	+
crp	rhaR	+
crp	modB	+
crp	dcuB	+
crp	zraS	+
crp	aceA	-
crp	aceB	-
crp	aceE	+
crp	aceF	+
crp	aceK	-
crp	agp	+
crp	aldA	+
crp	ansB	+
crp	araA	+
crp	araB	+
crp	araC	+
crp	araD	+
crp	araE	+
crp	araF	+
crp	araG	+
crp	araH	+
crp	araJ	+-
crp	argG	+
crp	aroA	-
crp	ascB	+
crp	ascF	+
crp	aspA	+
crp	bglB	+
crp	bglF	+
crp	bglG	+
crp	cdd	+-
crp	chbB	+
crp	chbC	+
crp	chbA	+
crp	chbR	+
crp	chbF	+
crp	modC	+
crp	cirA	+
crp	cpdB	+
crp	crp	+-
crp	crr	+-
crp	cstA	+
crp	cyaA	-
crp	cyoA	+
crp	cyoB	+
crp	cyoC	+
crp	cyoD	+
crp	cyoE	+
crp	cysG	-
crp	cytR	+-
crp	deoA	+-
crp	deoB	+-
crp	gatC	+
crp	gatD	+
crp	gatY	+
crp	modA	+
crp	mpl	+
crp	hupB	+
crp	zraR	+
crp	ilvB	+
crp	ilvN	+
crp	infB	-
crp	rpoS	?
crp	lacA	+-
crp	lacY	+-
crp	lacZ	+-
crp	lamB	+
crp	lpd	+-
crp	malE	+
crp	malF	+
crp	malG	+
crp	malI	+-
crp	malK	+
crp	malM	+
crp	malT	+
crp	malX	+-
crp	malY	+-
crp	manX	+
crp	manY	+
crp	manZ	+
crp	chpR	+
crp	mdh	+
crp	melA	+
crp	melB	+
crp	metK	-
crp	mglA	+
crp	mglB	+
crp	mglC	+
crp	mtlA	+
crp	mtlD	+
crp	nagA	+-
crp	nagB	+-
crp	nagD	+-
crp	nagE	+-
crp	nagC	+-
crp	nanA	+
crp	nirB	-
crp	nirC	-
crp	nirD	-
crp	nrdA	+
crp	nrdB	+
crp	nupG	+-
crp	nusA	-
crp	ompA	+
crp	ompF	+
crp	ompR	+-
crp	oxyR	+
crp	pflB	+
crp	pgk	+
crp	pncB	-
crp	pnp	-
crp	ppiA	+-
crp	ptsG	+
crp	ptsH	+-
crp	ptsI	+-
crp	putP	-
crp	rbsA	+
crp	rbsB	+
crp	rbsC	+
crp	rbsD	+
crp	caiB	+
crp	caiA	+
crp	caiT	+
crp	fixA	+
crp	fixB	+
crp	fixC	+
crp	fixX	+
crp	marB	+
crp	proP	+-
crp	uidB	+
crp	galM	+-
crp	yfiD	+
crp	hofC	+
crp	rhaD	+
crp	rhaA	+
crp	rhaB	+
crp	sbmC	+
crp	actP	+
crp	yjcH	+
crp	mtlR	+
crp	nupC	+
crp	hofB	+
crp	ppdD	+
crp	treB	?
crp	galP	+
crp	idnK	+
crp	chbG	+
crp	mdtE	-
crp	mdtF	-
crp	gadX	-
crp	xylG	+
crp	xylH	+
crp	yiaJ	-
crp	yiaK	?
crp	yiaL	?
crp	yiaM	?
crp	yiaN	?
crp	yiaO	?
crp	lyxK	?
crp	sgbH	?
crp	sgbU	?
crp	sgbE	?
crp	aldB	+
crp	acnB	+
crp	gntT	+
crp	lhgO	+
crp	gatA	+
crp	gatB	+
crp	glpD	+
crp	glpE	+
crp	glpF	+
crp	glpG	+
crp	glpK	+
crp	glpQ	+
crp	glpR	+
crp	glpT	+
crp	gltA	+
crp	gltB	-
crp	gltD	-
crp	grpE	+
crp	guaA	+
crp	guaB	+
crp	gyrA	+
crp	hupA	+
crp	sucB	+
crp	sucC	+
crp	sucD	+
crp	tdcA	+
crp	tdcB	+
crp	tdcC	+
crp	tnaA	+
crp	tnaB	+
crp	trg	+
crp	trxA	-
crp	tsx	+-
crp	udp	+-
crp	ugpA	+
crp	ugpB	+
crp	ugpC	+
crp	ugpE	+
crp	ugpQ	+
crp	uhpT	+
crp	uidA	+
crp	uxaB	+
crp	uxuA	+
crp	xseA	-
crp	xylA	+
crp	xylB	+
crp	pdhR	+
crp	entH	+
crp	ubiG	+
crp	hyfA	+
crp	tdcD	+
crp	truB	-
crp	rbfA	-
crp	rimP	-
crp	yhfA	+-
crp	psiE	-
crp	dcuA	+
crp	melR	+
crp	chpA	+
crp	focA	+
crp	ivbL	+
crp	tnaC	+
crp	hyfB	+
crp	yeiA	+
crp	dusB	+-
crp	rhaT	+
crp	malS	+
crp	acnA	+
crp	gabD	+
crp	gabP	+
crp	glgS	+
crp	osmY	-
crp	treC	?
crp	dadA	+-
crp	dadX	+-
crp	marA	+
crp	marR	+
crp	acs	+
crp	gadB	-
crp	gltF	-
crp	glpX	+
crp	fadD	+
crp	ychH	+
crp	gadE	-
crp	caiD	+
crp	caiC	+
crp	entC	+
crp	entD	+
crp	entE	+
crp	envZ	+-
crp	fadL	-
crp	fbaA	+
crp	fecA	+
crp	fecB	+
crp	fecC	+
crp	fecD	+
crp	fecE	+
crp	fepA	+
crp	fis	+-
crp	flhC	+
crp	flhD	+
crp	fucA	+
crp	fucI	+
crp	fucK	+
crp	fucO	+
crp	fucP	+
crp	fucR	+
crp	fucU	+
crp	fumA	+
crp	fumB	+
crp	fur	+
crp	gabT	+
crp	galE	+-
crp	galK	+-
crp	galS	+
crp	galT	+-
crp	gapA	+
crp	epd	+
crp	gcd	-
crp	gdhA	-
crp	glgA	+
crp	glgC	+
crp	glgP	+
crp	glnA	+-
crp	glnG	+-
crp	glnL	+-
crp	glpA	+
crp	glpB	+
crp	glpC	+
crp	rhaS	+
crp	rpoH	+-
crp	rpsO	-
crp	sdhA	+
crp	sdhB	+
crp	sdhC	+
crp	sdhD	+
crp	serA	+
crp	serC	-
crp	sfsA	+
crp	sodA	+
crp	sodB	-
crp	sohB	-
crp	speC	-
crp	srlE	+
crp	srlB	+
crp	srlD	+
crp	gutM	+
crp	gutQ	+
crp	srlR	+
crp	sucA	+
crp	deoC	+-
crp	deoD	+-
crp	dksA	+
crp	dsdA	+
crp	dsdX	+
crp	entA	+
crp	entB	+
csgD	csgF	+
csgD	csgG	+
csgD	csgD	+
csgD	csgB	+
csgD	csgC	+
csgD	csgE	+
csgD	csgA	+
csgD	adrA	+
csgD	iraP	+
csgD	pepD	-
csiR	csiD	-
csiR	lhgO	-
csiR	gabP	-
csiR	gabD	-
csiR	gabT	-
cspA	gyrA	+
cspA	hns	+
cueR	moaA	-
cueR	moaB	-
cueR	moaD	-
cueR	moaE	-
cueR	moaC	-
cueR	cueO	+
cueR	copA	+
cusR	cusA	+
cusR	cusS	+
cusR	cusR	+
cusR	cusC	+
cusR	cusF	+
cusR	cusB	+
cynR	cynS	+
cynR	cynT	+
cynR	cynX	+
cynR	cynR	-
cysB	tauA	+
cysB	tauB	+
cysB	tauC	+
cysB	ssuC	-
cysB	ssuD	-
cysB	ssuA	-
cysB	ssuE	-
cysB	hslJ	-
cysB	cbl	+
cysB	tauD	+
cysB	ssuB	-
cysB	cysP	+
cysB	cysU	+
cysB	cysW	+
cysB	cysN	+
cysB	cysM	+
cysB	cysK	+
cysB	cysJ	+
cysB	cysI	+
cysB	cysH	+
cysB	cysD	+
cysB	cysC	+
cysB	cysB	-
cysB	cysA	+
cytR	cdd	-
cytR	cytR	-
cytR	deoA	-
cytR	deoB	-
cytR	nupC	-
cytR	deoC	-
cytR	tsx	-
cytR	rpoH	-
cytR	ppiA	-
cytR	nupG	-
cytR	deoD	-
cytR	udp	-
dcuR	fumB	+
dcuR	frdD	+
dcuR	frdC	+
dcuR	frdB	+
dcuR	frdA	+
dcuR	dcuB	+
dcuR	dctA	+
deoR	deoA	-
deoR	tsx	-
deoR	nupG	-
deoR	deoD	-
deoR	deoC	-
deoR	deoB	-
dgsA	ptsI	-
dgsA	ynfK	-
dgsA	crr	-
dgsA	malT	-
dgsA	manX	-
dgsA	manY	-
dgsA	ptsG	-
dgsA	dgsA	-
dgsA	ptsH	-
dgsA	manZ	-
dhaR	dhaM	+
dhaR	dhaL	+
dhaR	dhaK	+
dhaR	dhaR	-
dicA	dicB	-
dicA	ydfD	-
dnaA	yjeV	-
dnaA	rpoH	-
dnaA	recF	-
dnaA	polA	+
dnaA	nrdB	+
dnaA	nrdA	+
dnaA	guaA	-
dnaA	guaB	-
dnaA	aldA	-
dnaA	dnaA	-
dnaA	dnaN	-
dsdC	dsdX	+
dsdC	dsdA	+
dsdC	dsdC	-
envR	acrA	-
envR	acrB	-
envY	ompF	+
envY	ompC	+
evgA	mdtF	+
evgA	emrY	+
evgA	ydeO	+
evgA	yneN	+
evgA	ydeP	+
evgA	yegR	+
evgA	emrK	+
evgA	frc	+
evgA	yfdX	+
evgA	mdtE	+
evgA	evgS	+
evgA	evgA	+
evgA	acrD	+
evgA	gadE	+
exuR	uxaA	-
exuR	exuT	-
exuR	exuR	-
exuR	uxuB	-
exuR	uxuR	-
exuR	uxaC	-
exuR	uxaB	-
exuR	uxuA	-
fabR	fabA	-
fabR	fabB	-
fadR	fadD	-
fadR	fadE	-
fadR	fadJ	-
fadR	fadI	-
fadR	fadL	-
fadR	iclR	+
fadR	fabA	+
fadR	fabB	+
fadR	fadA	-
fadR	uspA	-
fadR	fadB	-
feaR	feaB	+
fhlA	fdhF	+
fhlA	hycI	+
fhlA	hycA	+
fhlA	hycB	+
fhlA	hycC	+
fhlA	hycD	+
fhlA	hycE	+
fhlA	hycF	+
fhlA	hycG	+
fhlA	hycH	+
fhlA	hypA	+
fhlA	hypB	+
fhlA	hypC	+
fhlA	hypD	+
fhlA	hypE	+
fhlA	hyfA	+
fhlA	hyfB	+
fhlA	hypF	+
fhlA	hydN	+
fhlA	hyfC	+
fhlA	hyfD	+
fhlA	hyfE	+
fhlA	hyfF	+
fhlA	hyfG	+
fhlA	hyfH	+
fhlA	hyfI	+
fhlA	hyfJ	+
fhlA	hyfR	+
fhlA	focB	+
fhlA	fhlA	+
fis	glpB	+
fis	glpC	+
fis	glpQ	+
fis	glpT	+
fis	gltX	-
fis	guaA	-
fis	guaB	-
fis	gyrA	-
fis	gyrB	-
fis	hns	+
fis	hupA	+
fis	hupB	-
fis	hyaA	-
fis	hyaB	-
fis	hyaC	-
fis	hyaD	-
fis	hyaE	-
fis	hyaF	-
fis	infB	+
fis	katE	-
fis	ksgA	+
fis	lpd	+
fis	malE	+
fis	malF	+
fis	malG	+
fis	chpR	+
fis	mazG	+
fis	mglA	-
fis	mglC	-
fis	mtlA	-
fis	mtlD	-
fis	nanA	-
fis	osmY	-
fis	dps	-
fis	msrA	-
fis	marA	+
fis	marR	+
fis	acs	-
fis	gadB	-
fis	sra	+
fis	marB	+
fis	proP	+
fis	nuoM	+
fis	nuoF	+
fis	nrfA	-
fis	yfiD	+
fis	actP	-
fis	yjcH	-
fis	nrfB	-
fis	nrfC	-
fis	nrfD	-
fis	nrfE	-
fis	nrfF	-
fis	nrfG	-
fis	mtlR	-
fis	nuoA	+
fis	nuoB	+
fis	nuoC	+
fis	nuoE	+
fis	nuoG	+
fis	nuoH	+
fis	nuoI	+
fis	nuoJ	+
fis	nuoK	+
fis	nuoL	+
fis	adhE	+
fis	osmE	-
fis	ansB	-
fis	apaG	+
fis	apaH	+
fis	bglB	-
fis	bglF	-
fis	bglG	-
fis	carA	+
fis	carB	+
fis	crp	-
fis	cysG	-
fis	deoA	+
fis	deoB	+
fis	deoC	+
fis	deoD	+
fis	dmsA	-
fis	dmsB	-
fis	dmsC	-
fis	fadA	+
fis	fadB	+
fis	fis	-
fis	fumB	-
fis	glnA	+
fis	glnG	+
fis	glnL	+
fis	glnQ	-
fis	glpA	+
fis	leuP	+
fis	leuQ	+
fis	leuT	+
fis	leuV	+
fis	leuW	+
fis	leuX	+
fis	lysT	+
fis	lysV	+
fis	lysW	+
fis	metT	+
fis	metU	+
fis	metY	+
fis	pheU	+
fis	pheV	+
fis	proK	+
fis	proL	+
fis	proM	+
fis	rnpB	+-
fis	rrfA	+
fis	rrfB	+
fis	rrfC	+
fis	rrfD	+
fis	rrfE	+
fis	rrfG	+
fis	rrfH	+
fis	rrlA	+
fis	rrlB	+
fis	rrlC	+
fis	rrlD	+
fis	rrlE	+
fis	rrlG	+
fis	rrlH	+
fis	rrsA	+
fis	narG	-
fis	narH	-
fis	narI	-
fis	narJ	-
fis	narK	-
fis	ndh	+-
fis	nirB	-
fis	nirC	-
fis	nirD	-
fis	nrdA	+
fis	nrdB	+
fis	nusA	+
fis	ogt	-
fis	pdxA	+
fis	pflB	-
fis	pnp	+
fis	ptsG	+-
fis	pyrD	-
fis	queA	+
fis	rpsO	+
fis	topA	+-
fis	tpr	+
fis	trg	+
fis	trmA	+
fis	tufB	+
fis	truB	+
fis	rbfA	+
fis	rimP	+
fis	chpA	+
fis	dusB	-
fis	rrsB	+
fis	rrsC	+
fis	rrsD	+
fis	rrsE	+
fis	rrsG	+
fis	rrsH	+
fis	rrfF	+
fis	serT	+
fis	serX	+
fis	thrT	+
fis	thrU	+
fis	thrV	+
fis	thrW	+
fis	tyrT	+
fis	tyrU	+
fis	tyrV	+
fis	valT	+
fis	valU	+
fis	valX	+
fis	valY	+
fis	gadA	-
fis	nanT	-
fis	hlyE	-
fis	gadC	-
fis	cspI	-
fis	flxA	+
fis	yoaG	-
fis	yeaR	-
fis	glcC	-
fis	ygjG	?
fis	yhcH	-
fis	nanK	-
fis	nanE	-
fis	nuoN	+
fis	gadX	-
fis	xylG	-
fis	xylH	-
fis	aldB	-
fis	acnB	-
fis	xylF	-
fis	xylR	-
fis	alaT	+
fis	alaU	+
fis	alaV	+
fis	alaW	+
fis	alaX	+
fis	argU	+
fis	argW	+
fis	argX	+
fis	aspV	+
fis	glnU	+
fis	glnV	+
fis	glnW	+
fis	glnX	+
fis	gltT	+
fis	gltU	+
fis	gltV	+
fis	gltW	+
fis	glyT	+
fis	glyU	+
fis	hisR	+
fis	ileT	+
fis	ileU	+
fis	ileV	+
flhC	yhjH	+
flhC	gltJ	+
flhC	gltK	+
flhC	gltL	+
flhC	flgA	+
flhC	flgB	+
flhC	flgC	+
flhC	flgD	+
flhC	flgE	+
flhC	flgF	+
flhC	flgG	+
flhC	flgH	+
flhC	flgI	+
flhC	flgJ	+
flhC	flgM	+
flhC	flhA	+
flhC	fliI	+
flhC	fliJ	+
flhC	fliK	+
flhC	gltI	+
flhC	flgN	+
flhC	ycgR	+
flhC	flhE	+
flhC	flhB	+
flhC	yecR	+
flhC	fliY	+
flhC	ygbK	+
flhD	flhA	+
flhD	fliI	+
flhD	fliJ	+
flhD	fliK	+
flhD	gltI	+
flhD	flgN	+
flhD	ycgR	+
flhD	flhE	+
flhD	flhB	+
flhD	yecR	+
flhD	fliY	+
flhD	ygbK	+
flhC	fliL	+
flhC	fliM	+
flhC	fliN	+
flhC	glpA	+
flhC	glpB	+
flhC	glpC	+
flhC	mdh	-
flhC	mglA	-
flhC	mglB	-
flhC	mglC	-
flhC	recC	+
flhC	fliD	+
flhC	ppdC	+
flhC	ygdB	+
flhC	ppdB	+
flhC	fliO	+
flhC	fliE	+
flhC	fliF	+
flhC	fliA	+
flhC	fliZ	+
flhC	fliS	+
flhC	fliT	+
flhC	hypF	+
flhC	hydN	+
flhC	fliG	+
flhC	fliH	+
flhC	nrfA	+
flhC	nrfB	+
flhC	nrfC	+
flhC	nrfD	+
flhC	nrfE	+
flhC	nrfF	+
flhC	nrfG	+
flhC	fliP	+
flhC	fliQ	+
flhC	fliR	+
flhC	ccmH	+
flhC	ccmG	+
flhC	ccmF	+
flhC	ccmE	+
flhC	ccmC	+
flhC	ccmB	+
flhC	ccmA	+
flhC	napC	+
flhC	napB	+
flhC	napH	+
flhC	napG	+
flhC	napA	+
flhC	napF	+
flhC	ppdA	+
flhC	napD	+
flhC	ccmD	+
flhD	glpA	+
flhD	glpB	+
flhD	glpC	+
flhD	mdh	-
flhD	mglA	-
flhD	mglB	-
flhD	mglC	-
flhD	recC	+
flhD	fliD	+
flhD	ppdC	+
flhD	ygdB	+
flhD	ppdB	+
flhD	fliO	+
flhD	fliE	+
flhD	fliF	+
flhD	fliA	+
flhD	fliZ	+
flhD	fliS	+
flhD	fliT	+
flhD	hypF	+
flhD	hydN	+
flhD	fliG	+
flhD	fliH	+
flhD	nrfA	+
flhD	nrfB	+
flhD	nrfC	+
flhD	nrfD	+
flhD	nrfE	+
flhD	nrfF	+
flhD	nrfG	+
flhD	fliP	+
flhD	fliQ	+
flhD	fliR	+
flhD	ccmH	+
flhD	ccmG	+
flhD	ccmF	+
flhD	ccmE	+
flhD	ccmC	+
flhD	ccmB	+
flhD	ccmA	+
flhD	napC	+
flhD	napB	+
flhD	napH	+
flhD	napG	+
flhD	napA	+
flhD	napF	+
flhD	ppdA	+
flhD	napD	+
flhD	ccmD	+
flhD	yhjH	+
flhD	gltJ	+
flhD	gltK	+
flhD	gltL	+
flhD	flgA	+
flhD	flgB	+
flhD	flgC	+
flhD	flgD	+
flhD	flgE	+
flhD	flgF	+
flhD	flgG	+
flhD	flgH	+
flhD	flgI	+
flhD	flgJ	+
flhD	flgM	+
flhD	fliL	+
flhD	fliM	+
flhD	fliN	+
fnr	aceE	+-
fnr	aceF	+-
fnr	ackA	+
fnr	adhE	+
fnr	aldA	-
fnr	ansB	+
fnr	arcA	+-
fnr	aspA	+
fnr	cadC	+
fnr	cheB	+
fnr	cheR	+
fnr	cheY	+
fnr	cheZ	+
fnr	moeA	-
fnr	moeB	-
fnr	cydA	+-
fnr	cydB	+-
fnr	cyoA	-
fnr	cyoB	-
fnr	cyoC	-
fnr	cyoD	-
fnr	cyoE	-
fnr	cysG	+
fnr	dmsA	+
fnr	gltF	-
fnr	nikR	+
fnr	pepT	+
fnr	caiA	+
fnr	caiT	+
fnr	fixA	+
fnr	fixB	+
fnr	fixC	+
fnr	fixX	+
fnr	moaA	+
fnr	moaB	+
fnr	moaD	+
fnr	moaE	+
fnr	ydeJ	+
fnr	moaC	+
fnr	nuoM	-
fnr	nuoF	-
fnr	nrfA	+
fnr	yfiD	+-
fnr	gcvP	+
fnr	nrfB	+
fnr	nrfC	+
fnr	nrfD	+
fnr	nrfE	+
fnr	nrfF	+
fnr	nrfG	+
fnr	yeiL	-
fnr	ccmH	+
fnr	ccmG	+
fnr	ccmF	+
fnr	ccmE	+
fnr	ccmC	+
fnr	ccmB	+
fnr	ccmA	+
fnr	napC	+
fnr	napB	+
fnr	napH	+
fnr	napG	+
fnr	napA	+
fnr	napF	+
fnr	nikA	+
fnr	nikB	+
fnr	nikC	+
fnr	nikD	+
fnr	nikE	+
fnr	nuoA	-
fnr	nuoB	-
fnr	nuoC	-
fnr	nuoE	-
fnr	nuoG	-
fnr	nuoH	-
fnr	nuoI	-
fnr	nuoJ	-
fnr	nuoK	-
fnr	nuoL	-
fnr	nuoN	-
fnr	feoA	+
fnr	feoB	+
fnr	ompX	-
fnr	uraA	+
fnr	napD	+
fnr	ccmD	+
fnr	pitA	+
fnr	dcuB	+
fnr	cydC	+
fnr	garL	+
fnr	bcsZ	+
fnr	bcsB	+
fnr	ssuB	+
fnr	ychO	-
fnr	prmC	-
fnr	norW	-
fnr	caiE	+
fnr	dppB	-
fnr	dppC	-
fnr	dppD	-
fnr	dppF	-
fnr	uxaA	+
fnr	garP	+
fnr	emrY	+
fnr	rnpB	+
fnr	gadA	-
fnr	caiF	+
fnr	ybdN	+
fnr	dcuC	+
fnr	hcr	+
fnr	hcp	+
fnr	ssuC	+
fnr	ssuD	+
fnr	ssuA	+
fnr	ssuE	+
fnr	iraM	+
fnr	hlyE	+
fnr	puuA	-
fnr	tpx	-
fnr	ynfE	+
fnr	ynfF	+
fnr	ynfG	+
fnr	ynfH	+
fnr	dmsD	+
fnr	ydhT	+
fnr	ydhU	+
fnr	ydhX	+
fnr	ydhW	+
fnr	ydhV	+
fnr	ydhY	+
fnr	yecR	+
fnr	emrK	+
fnr	hyfC	-
fnr	hyfD	-
fnr	hyfE	-
fnr	hyfF	-
fnr	hyfG	-
fnr	hyfH	-
fnr	hyfI	-
fnr	hyfJ	-
fnr	hyfR	-
fnr	focB	-
fnr	norV	-
fnr	xdhA	+
fnr	xdhB	+
fnr	xdhC	+
fnr	scpB	+
fnr	scpC	+
fnr	yqjI	+
fnr	aer	+
fnr	caiD	+
fnr	caiC	+
fnr	caiB	+
fnr	tdcF	+
fnr	tdcE	+
fnr	ysgA	-
fnr	dcuR	+
fnr	dcuS	+
fnr	ytfE	-
fnr	iraD	+
fnr	uxaC	+
fnr	nrdG	+
fnr	ybdZ	+
fnr	dmsB	+
fnr	dmsC	+
fnr	dppA	-
fnr	entF	+
fnr	acrE	+
fnr	acrF	+
fnr	fdhF	+
fnr	fepE	+
fnr	fes	+
fnr	fhlA	+
fnr	fnr	-
fnr	frdA	+
fnr	frdB	+
fnr	frdC	+
fnr	frdD	+
fnr	fumA	-
fnr	fumB	+
fnr	gcvH	+
fnr	glpA	+
fnr	glpB	+
fnr	glpC	+
fnr	glpQ	+
fnr	glpT	+
fnr	gltB	-
fnr	gltD	-
fnr	hemA	-
fnr	hmp	-
fnr	hypB	+
fnr	hypC	+
fnr	hypD	+
fnr	hypE	+
fnr	katG	+
fnr	lpd	+-
fnr	malP	+
fnr	malQ	+
fnr	narG	+
fnr	narH	+
fnr	narI	+
fnr	narJ	+
fnr	narK	+
fnr	narL	-
fnr	narX	-
fnr	ndh	-
fnr	nirB	+
fnr	nirC	+
fnr	nirD	+
fnr	pflB	+
fnr	pstS	+
fnr	phoU	+
fnr	prfA	-
fnr	gadW	-
fnr	gadX	-
fnr	yhjA	+
fnr	pstA	+
fnr	pstB	+
fnr	pstC	+
fnr	purM	-
fnr	purN	-
fnr	rplB	+
fnr	rplC	+
fnr	rplD	+
fnr	rplM	-
fnr	rplP	+
fnr	rplS	-
fnr	rplT	-
fnr	rplV	+
fnr	rplW	+
fnr	rpmC	+
fnr	rpsC	+
fnr	rpsI	-
fnr	rpsJ	+
fnr	rpsP	-
fnr	rpsQ	+
fnr	rpsS	+
fnr	sdhA	-
fnr	sdhB	-
fnr	sdhC	-
fnr	sdhD	-
fnr	sodA	-
fnr	sucA	-
fnr	sucB	-
fnr	sucC	-
fnr	sucD	-
fnr	tap	+
fnr	tar	+
fnr	tdcA	+
fnr	tdcB	+
fnr	tdcC	+
fnr	trmD	-
fnr	pdhR	+-
fnr	ompW	+
fnr	hyfA	-
fnr	rimM	-
fnr	tdcD	+
fnr	garK	+
fnr	garR	+
fnr	dcuA	+
fnr	fdnG	+-
fnr	fdnH	+-
fnr	fdnI	+-
fnr	ycaC	-
fnr	focA	+
fnr	pheM	-
fnr	hyfB	-
fnr	ygbA	-
fnr	acnA	-
fnr	upp	+
fnr	ubiC	-
fnr	ubiA	-
fnr	cydD	+
fnr	nrdD	+
fnr	gcvT	+
fnr	scpA	+
fnr	argK	+
fnr	tdcG	+
fruR	aceA	+
fruR	fruB	-
fruR	aceK	+
fruR	adhE	-
fruR	aroP	+
fruR	crr	+-
fruR	cydA	+
fruR	cydB	+
fruR	cysG	-
fruR	eda	-
fruR	edd	-
fruR	eno	-
fruR	fbaA	-
fruR	fruA	-
fruR	fruK	-
fruR	gapA	-
fruR	epd	-
fruR	icd	+
fruR	manX	-
fruR	manY	-
fruR	manZ	-
fruR	mtlA	-
fruR	mtlD	-
fruR	nirB	-
fruR	nirC	-
fruR	nirD	-
fruR	pck	+
fruR	pfkA	-
fruR	pgk	-
fruR	ppsA	+
fruR	ptsH	+-
fruR	ptsI	+-
fruR	pykF	-
fruR	yahA	-
fruR	acnA	+
fruR	hypF	-
fruR	mtlR	-
fruR	acnB	-
fruR	glk	-
fruR	aceB	+
fucR	fucA	+
fucR	fucI	+
fucR	fucK	+
fucR	fucU	+
fucR	fucP	+
fucR	fucR	+
fucR	fucO	+
fur	cyoC	-
fur	cyoD	-
fur	cyoE	-
fur	entA	-
fur	entB	-
fur	entC	-
fur	entD	-
fur	entE	-
fur	entF	-
fur	exbB	-
fur	exbD	-
fur	fepE	-
fur	fepG	-
fur	fes	-
fur	fhuA	-
fur	fhuB	-
fur	fhuC	-
fur	fhuD	-
fur	fhuE	-
fur	flhC	-
fur	flhD	-
fur	fecA	-
fur	fecB	-
fur	fecC	-
fur	fecD	-
fur	fecE	-
fur	fecI	-
fur	fecR	-
fur	fepA	-
fur	fepB	-
fur	fepC	-
fur	fepD	-
fur	fumB	+
fur	fur	-
fur	hmp	-
fur	katE	-
fur	rpoS	-
fur	katG	-
fur	metH	-
fur	metJ	-
fur	ompF	+
fur	purR	-
fur	ftnA	+
fur	sdhA	+
fur	sdhB	+
fur	sdhC	+
fur	sdhD	+
fur	sodA	-
fur	sodB	+
fur	sucA	+
fur	sucB	+
fur	sucC	+
fur	sucD	+
fur	tonB	+-
fur	entS	+-
fur	entH	-
fur	sufA	-
fur	nohA	-
fur	gpmA	-
fur	feoA	-
fur	feoB	-
fur	ygaC	-
fur	nrdF	-
fur	nrdE	-
fur	ryhB	-
fur	fiu	-
fur	tfaQ	-
fur	ydfN	-
fur	sufE	-
fur	sufS	-
fur	sufD	-
fur	sufC	-
fur	sufB	-
fur	zinT	+
fur	rcnR	+
fur	rcnA	-
fur	mntH	-
fur	nrdH	-
fur	nrdI	-
fur	yhhY	-
fur	fhuF	-
fur	ybdZ	-
fur	cirA	-
fur	cyoA	-
fur	cyoB	-
gadE	purA	+
gadE	rcsA	+
gadE	fabZ	+
gadE	hdeA	+
gadE	hdeB	+
gadE	yhiD	+
gadE	gadB	+
gadE	hdeD	+
gadE	gltF	+
gadE	gadE	+
gadE	mdtE	+
gadE	mdtF	+
gadE	gadW	+
gadE	gadX	+
gadE	gadA	+
gadE	gadC	+
gadE	cadA	+
gadE	cadB	+
gadE	cyoA	+
gadE	cyoB	+
gadE	cyoC	+
gadE	cyoD	+
gadE	cyoE	+
gadE	lpxD	+
gadE	fliC	+
gadE	gltB	+
gadE	gltD	+
gadE	gnd	+
gadE	hlpA	+
gadE	lpxA	+
gadE	lrp	+
gadW	slp	+
gadW	mdtE	+
gadW	mdtF	+
gadW	gadW	-
gadW	gadX	-
gadW	gadA	-
gadW	gadY	+
gadW	gadC	-
gadW	hdeA	+-
gadW	hdeB	+-
gadW	yhiD	+-
gadW	gadB	-
gadW	gadE	+
gadW	dctR	+
gadX	gadE	+
gadX	hns	+
gadX	gadB	+
gadX	yhiD	+-
gadX	hdeB	+-
gadX	hdeA	+-
gadX	lon	+
gadX	rpoS	+
gadX	gadC	+
gadX	hdeD	+
gadX	cadB	+
gadX	cadA	+
gadX	asnB	+
gadX	amtB	+
gadX	dctR	+
gadX	slp	+
gadX	glnK	+
gadX	mdtE	+
gadX	mdtF	+
gadX	ybaT	+
gadX	ybaS	+
gadX	gadY	+
gadX	gadA	+
gadX	gadX	+
gadX	gadW	-
galR	galP	-
galR	galM	+-
galR	mglC	-
galR	mglB	-
galR	galE	+-
galR	galT	+-
galR	galS	-
galR	galR	-
galR	galK	+-
galR	mglA	-
galS	galP	-
galS	galM	+-
galS	mglC	-
galS	mglB	-
galS	mglA	-
galS	galT	+-
galS	galS	-
galS	galR	-
galS	galE	+-
galS	galK	+-
gatR_1	gatY	-
gatR_1	gatD	-
gatR_1	gatC	-
gatR_1	gatB	-
gatR_1	gatA	-
gatR_1	gatZ	-
gatR_2	gatY	-
gatR_2	gatD	-
gatR_2	gatC	-
gatR_2	gatB	-
gatR_2	gatA	-
gatR_2	gatZ	-
gcvA	gcvH	+-
gcvA	gcvT	+-
gcvA	gcvB	+
gcvA	gcvP	+-
gcvA	gcvA	-
glcC	glcD	+
glcC	glcE	+
glcC	glcG	+
glcC	glcC	-
glcC	glcF	+
glcC	glcB	+
glcC	glcA	+
glpR	glpX	-
glpR	glpT	-
glpR	glpQ	-
glpR	glpK	-
glpR	glpF	-
glpR	glpD	-
glpR	glpC	-
glpR	glpA	-
glpR	glpB	-
glrR	glmY	+
gntR	eda	-
gntR	edd	-
gntR	idnD	-
gntR	idnO	-
gntR	idnR	-
gntR	nfuA	-
gntR	gntX	-
gntR	gntU	-
gntR	gntK	-
gntR	idnT	-
gntR	gntT	-
gntR	idnK	-
gutM	srlB	+
gutM	srlD	+
gutM	gutM	+
gutM	gutQ	+
gutM	srlR	+
gutM	srlA	+
gutM	srlE	+
srlR	srlA	-
srlR	srlB	-
srlR	srlD	-
srlR	gutM	-
srlR	gutQ	-
srlR	srlR	-
srlR	srlE	-
hcaR	hcaF	+
hcaR	hcaE	+
hcaR	hcaD	+
hcaR	hcaB	+
hcaR	hcaR	-
hcaR	hcaC	+
hdfR	flhD	-
hdfR	flhC	-
hipA	hipB	-
hipA	hipA	-
hipB	hipA	-
hipB	hipB	-
hns	yciG	-
hns	garK	-
hns	garR	-
hns	chiA	-
hns	chpA	+
hns	mukE	+
hns	gspB	-
hns	gabD	+
hns	gabP	+
hns	fliA	+
hns	fliZ	+
hns	gspO	-
hns	hdeA	-
hns	hdeB	-
hns	yhiD	-
hns	dps	-
hns	hdeD	-
hns	adiA	-
hns	stpA	-
hns	galM	-
hns	fimI	+
hns	hisJ	+
hns	hisQ	+
hns	mukF	+
hns	smtA	+
hns	gadW	-
hns	gadX	-
hns	lhgO	+
hns	garP	-
hns	alaU	-
hns	cadB	-
hns	cydA	-
hns	cydB	-
hns	cysA	-
hns	cysG	-
hns	cysM	-
hns	cysP	-
hns	cysU	-
hns	cysW	-
hns	entF	+
hns	acrE	-
hns	acrF	-
hns	fepE	+
hns	fes	+
hns	fimA	+
hns	fimB	-
hns	fimC	+
hns	fimD	+
hns	fimE	-
hns	fimF	+
hns	fimG	+
hns	fimH	+
hns	flhC	+
hns	flhD	+
hns	fliC	+
hns	gabT	+
hns	galE	-
hns	galK	-
hns	galT	-
hns	hisP	+
hns	hns	-
hns	degP	-
hns	ilvH	-
hns	ilvI	-
hns	lacA	-
hns	lacY	-
hns	lacZ	-
hns	leuO	-
hns	chpR	+
hns	mukB	+
hns	nhaA	-
hns	nirB	-
hns	nirC	-
hns	nirD	-
hns	osmC	-
hns	proV	-
hns	proW	-
hns	proX	-
hns	rcsA	-
hns	relA	+
hns	ftnA	-
hns	sodB	-
hns	srlE	+
hns	srlB	+
hns	srlD	+
hns	gutM	+
hns	gutQ	+
hns	srlR	+
hns	nhaR	-
hns	cspD	+
hns	yciE	-
hns	yciF	-
hns	alaV	-
hns	gltT	-
hns	gltU	-
hns	gltW	-
hns	ileU	-
hns	ileV	-
hns	micF	-
hns	rnpB	-
hns	rrfB	-
hns	rrfC	-
hns	rrfD	-
hns	rrfG	-
hns	rrfH	-
hns	rrlB	-
hns	rrlC	-
hns	rrlD	-
hns	rrlG	-
hns	rrlH	-
hns	rrsB	-
hns	rrsC	-
hns	rrsD	-
hns	rrsG	-
hns	rrsH	-
hns	rrfF	-
hns	thrV	-
hns	gadA	-
hns	caiF	-
hns	hlyE	+-
hns	asr	-
hns	fliY	+
hns	hchA	-
hns	csiE	+
hns	csiD	+
hns	yjjP	-
hns	yjjQ	-
hns	bglJ	-
hns	srlA	+
hns	ybdZ	+
hns	hisM	+
hns	garL	-
hns	appY	-
hns	bglB	-
hns	bglF	-
hns	bglG	-
hns	bolA	-
hns	cadA	-
hupA	mtr	-
hupB	seqA	-
hupB	pgm	-
hupB	galM	-
hupB	tyrP	-
hupB	mtr	-
hupB	galT	-
hupB	galK	-
hupB	galE	-
hupA	micF	+
hupA	seqA	-
hupA	galE	-
hupA	galK	-
hupA	galT	-
hupB	micF	+
hupA	tyrP	-
hupA	galM	-
hupA	pgm	-
hyfR	focB	+
hyfR	hyfR	+
hyfR	hyfJ	+
hyfR	hyfI	+
hyfR	hyfH	+
hyfR	hyfA	+
hyfR	hyfF	+
hyfR	hyfE	+
hyfR	hyfD	+
hyfR	hyfC	+
hyfR	hyfB	+
hyfR	hyfG	+
iclR	iclR	-
iclR	aceK	-
iclR	aceB	-
iclR	aceA	-
idnR	gntU	-
idnR	idnR	+
idnR	idnO	+
idnR	idnD	+
idnR	idnT	+
idnR	idnK	+
idnR	gntK	-
ihfB	ihfB	-
ihfB	hipB	+
ihfB	hipA	+
ihfB	hycA	+
ihfB	hycB	+
ihfB	hycC	+
ihfB	hycD	+
ihfB	hycE	+
ihfB	hycF	+
ihfB	hycG	+
ihfB	hycH	+
ihfB	hypA	+
ihfB	hypB	+
ihfB	hypC	+
ihfB	hypD	+
ihfB	hypE	+
ihfB	ilvA	+-
ihfB	ilvD	+-
ihfB	ilvE	+-
ihfB	ilvM	+-
ihfB	mtr	-
ihfB	narG	+
ihfB	narH	+
ihfB	narI	+
ihfB	narJ	+
ihfB	narK	+
ihfB	ndh	-
ihfB	nirB	+-
ihfB	nirC	+-
ihfB	nirD	+-
ihfB	ompC	-
ihfB	ompF	+-
ihfB	ompR	-
ihfB	pflB	+
ihfB	pstS	+
ihfB	phoU	+
ihfB	prfA	+
ihfB	pspA	+
ihfB	pspB	+
ihfB	pspC	+
ihfB	pspD	+
ihfB	pspE	+
ihfB	pstA	+
ihfB	pstB	+
ihfB	pstC	+
ihfB	rpoH	+
ihfB	sodA	-
ihfB	sodB	-
ihfB	sucA	-
ihfB	sucB	-
ihfB	sucC	-
ihfB	sucD	-
ihfB	tdcA	+
ihfB	tdcB	+
ihfB	tdcC	+
ihfB	tyrP	-
ihfB	tdcD	+
ihfB	focA	+
ihfB	ilvL	+-
ihfB	dusB	+
ihfB	ubiC	-
ihfB	ubiA	-
ihfB	sufE	+
ihfB	sufS	+
ihfB	sufD	+
ihfB	sufC	+
ihfB	sufB	+
ihfB	norV	+-
ihfB	hycI	+
ihfB	glcA	+
ihfB	glcG	+
ihfB	glcE	+
ihfB	glcD	+
ihfB	ygjG	?
ihfB	tdcG	+
ihfB	tdcF	+
ihfB	tdcE	+
ihfB	dcuD	+
ihfB	rtcA	+
ihfB	rtcB	+
ihfB	ulaG	-
ihfB	ulaA	-
ihfB	ulaD	-
ihfB	ulaE	-
ihfB	ulaF	-
ihfB	ilvX	+-
ihfB	osmE	-
ihfB	carA	+-
ihfB	carB	+-
ihfB	cysG	+-
ihfB	cysH	+
ihfB	cysI	+
ihfB	cysJ	+
ihfB	dmsA	-
ihfB	dmsB	-
ihfB	dmsC	-
ihfB	dppA	+
ihfB	envZ	-
ihfB	fhlA	+
ihfB	fimA	+
ihfB	fimB	+
ihfB	fimC	+
ihfB	fimD	+
ihfB	fimF	+
ihfB	fimG	+
ihfB	fimH	+
ihfB	fis	+
ihfB	flhC	-
ihfB	flhD	-
ihfB	folA	+
ihfB	gcd	+
ihfB	glnH	+
ihfB	glnP	+
ihfB	glnQ	+
ihfB	glpQ	-
ihfB	glpT	-
ihfB	gltA	+
ihfB	gltB	+
ihfB	gltD	+
ihfB	hemA	+
ihfB	ihfA	-
ihfB	nrfC	+-
ihfB	nrfD	+-
ihfB	nrfE	+-
ihfB	nrfF	+-
ihfB	nrfG	+-
ihfB	htrE	+
ihfB	ecpD	+
ihfB	fimI	+
ihfB	yeiL	+
ihfB	nuoA	-
ihfB	nuoB	-
ihfB	nuoC	-
ihfB	nuoE	-
ihfB	nuoG	-
ihfB	nuoH	-
ihfB	nuoI	-
ihfB	nuoJ	-
ihfB	nuoK	-
ihfB	nuoL	-
ihfB	nuoN	-
ihfB	hemF	-
ihfB	uspB	-
ihfB	yiaJ	-
ihfB	yiaK	+
ihfB	yiaL	+
ihfB	yiaM	+
ihfB	yiaN	+
ihfB	yiaO	+
ihfB	lyxK	+
ihfB	sgbH	+
ihfB	sgbU	+
ihfB	sgbE	+
ihfB	ssuB	+-
ihfB	prmC	+
ihfB	norW	+-
ihfB	ulaB	-
ihfB	ulaC	-
ihfB	caiE	-
ihfB	dppB	+
ihfB	dppC	+
ihfB	dppD	+
ihfB	dppF	+
ihfB	glcB	+
ihfB	hpt	-
ihfB	micF	-
ihfB	glcF	+
ihfB	glmY	+
ihfB	ssuC	+-
ihfB	ssuD	+-
ihfB	ssuA	+-
ihfB	ssuE	+-
ihfB	maoC	+
ihfB	paaA	+
ihfB	paaB	+
ihfB	paaC	+
ihfB	paaD	+
ihfB	paaE	+
ihfB	paaF	+
ihfB	paaG	+
ihfB	paaH	+
ihfB	paaI	+
ihfB	paaJ	+
ihfB	paaK	+
ihfA	ompF	+-
ihfA	ompR	-
ihfA	pflB	+
ihfA	pstS	+
ihfA	phoU	+
ihfA	prfA	+
ihfA	pspA	+
ihfA	pspB	+
ihfA	pspC	+
ihfA	pspD	+
ihfA	pspE	+
ihfA	pstA	+
ihfA	pstB	+
ihfA	pstC	+
ihfA	rpoH	+
ihfA	sodA	-
ihfA	sodB	-
ihfA	sucA	-
ihfA	sucB	-
ihfA	sucC	-
ihfA	sucD	-
ihfA	tdcA	+
ihfA	tdcB	+
ihfA	tdcC	+
ihfA	tyrP	-
ihfA	tdcD	+
ihfA	focA	+
ihfA	ilvL	+-
ihfA	dusB	+
ihfA	ubiC	-
ihfA	ubiA	-
ihfB	aceA	+
ihfB	aceB	+
ihfB	aceK	+
ihfB	sufA	+
ihfB	uspA	+
ihfB	osmY	-
ihfB	dps	+
ihfB	acs	-
ihfB	adiA	+
ihfB	sra	+
ihfB	gltF	+
ihfB	ibpB	+
ihfB	caiD	-
ihfB	caiC	-
ihfB	caiB	-
ihfB	caiA	-
ihfB	caiT	-
ihfB	atoD	+
ihfB	atoA	+
ihfB	atoE	+
ihfB	atoB	+
ihfB	nuoM	-
ihfB	nuoF	-
ihfB	nrfA	+-
ihfB	amiA	-
ihfB	yjbE	+
ihfB	yjbF	+
ihfB	yjbG	+
ihfB	yjbH	+
ihfB	pspG	+
ihfB	actP	-
ihfB	yjcH	-
ihfB	nrfB	+-
ihfA	carB	+-
ihfA	cysG	+-
ihfA	cysH	+
ihfA	cysI	+
ihfA	cysJ	+
ihfA	dmsA	-
ihfA	dmsB	-
ihfA	dmsC	-
ihfA	dppA	+
ihfA	envZ	-
ihfA	fhlA	+
ihfA	fimA	+
ihfA	fimB	+
ihfA	fimC	+
ihfA	fimD	+
ihfA	fimF	+
ihfA	fimG	+
ihfA	fimH	+
ihfA	fis	+
ihfA	flhC	-
ihfA	flhD	-
ihfA	folA	+
ihfA	gcd	+
ihfA	glnH	+
ihfA	glnP	+
ihfA	glnQ	+
ihfA	glpQ	-
ihfA	glpT	-
ihfA	gltA	+
ihfA	gltB	+
ihfA	gltD	+
ihfA	hemA	+
ihfA	ihfA	-
ihfA	ihfB	-
ihfA	hipB	+
ihfA	hipA	+
ihfA	hycA	+
ihfA	hycB	+
ihfA	hycC	+
ihfA	hycD	+
ihfA	hycE	+
ihfA	hycF	+
ihfA	hycG	+
ihfA	hycH	+
ihfA	hypA	+
ihfA	hypB	+
ihfA	hypC	+
ihfA	hypD	+
ihfA	hypE	+
ihfA	ilvA	+-
ihfA	ilvD	+-
ihfA	ilvE	+-
ihfA	ilvM	+-
ihfA	mtr	-
ihfA	narG	+
ihfA	narH	+
ihfA	narI	+
ihfA	narJ	+
ihfA	narK	+
ihfA	ndh	-
ihfA	nirB	+-
ihfA	nirC	+-
ihfA	nirD	+-
ihfA	ompC	-
ihfA	sgbE	+
ihfA	ssuB	+-
ihfA	prmC	+
ihfA	norW	+-
ihfA	ulaB	-
ihfA	ulaC	-
ihfA	caiE	-
ihfA	dppB	+
ihfA	dppC	+
ihfA	dppD	+
ihfA	dppF	+
ihfA	glcB	+
ihfA	hpt	-
ihfA	micF	-
ihfA	glcF	+
ihfA	glmY	+
ihfA	ssuC	+-
ihfA	ssuD	+-
ihfA	ssuA	+-
ihfA	ssuE	+-
ihfA	maoC	+
ihfA	paaA	+
ihfA	paaB	+
ihfA	paaC	+
ihfA	paaD	+
ihfA	paaE	+
ihfA	paaF	+
ihfA	paaG	+
ihfA	paaH	+
ihfA	paaI	+
ihfA	paaJ	+
ihfA	paaK	+
ihfA	sufE	+
ihfA	sufS	+
ihfA	sufD	+
ihfA	sufC	+
ihfA	sufB	+
ihfA	norV	+-
ihfA	hycI	+
ihfA	glcA	+
ihfA	glcG	+
ihfA	glcE	+
ihfA	glcD	+
ihfA	ygjG	?
ihfA	tdcG	+
ihfA	tdcF	+
ihfA	tdcE	+
ihfA	dcuD	+
ihfA	rtcA	+
ihfA	rtcB	+
ihfA	ulaG	-
ihfA	ulaA	-
ihfA	ulaD	-
ihfA	ulaE	-
ihfA	ulaF	-
ihfA	ilvX	+-
ihfA	osmE	-
ihfA	carA	+-
ihfA	aceA	+
ihfA	aceB	+
ihfA	aceK	+
ihfA	sufA	+
ihfA	uspA	+
ihfA	osmY	-
ihfA	dps	+
ihfA	acs	-
ihfA	adiA	+
ihfA	sra	+
ihfA	gltF	+
ihfA	ibpB	+
ihfA	caiD	-
ihfA	caiC	-
ihfA	caiB	-
ihfA	caiA	-
ihfA	caiT	-
ihfA	atoD	+
ihfA	atoA	+
ihfA	atoE	+
ihfA	atoB	+
ihfA	nuoM	-
ihfA	nuoF	-
ihfA	nrfA	+-
ihfA	amiA	-
ihfA	yjbE	+
ihfA	yjbF	+
ihfA	yjbG	+
ihfA	yjbH	+
ihfA	pspG	+
ihfA	actP	-
ihfA	yjcH	-
ihfA	nrfB	+-
ihfA	nrfC	+-
ihfA	nrfD	+-
ihfA	nrfE	+-
ihfA	nrfF	+-
ihfA	nrfG	+-
ihfA	htrE	+
ihfA	ecpD	+
ihfA	fimI	+
ihfA	yeiL	+
ihfA	nuoA	-
ihfA	nuoB	-
ihfA	nuoC	-
ihfA	nuoE	-
ihfA	nuoG	-
ihfA	nuoH	-
ihfA	nuoI	-
ihfA	nuoJ	-
ihfA	nuoK	-
ihfA	nuoL	-
ihfA	nuoN	-
ihfA	hemF	-
ihfA	uspB	-
ihfA	yiaJ	-
ihfA	yiaK	+
ihfA	yiaL	+
ihfA	yiaM	+
ihfA	yiaN	+
ihfA	yiaO	+
ihfA	lyxK	+
ihfA	sgbH	+
ihfA	sgbU	+
ilvY	ilvC	+
ilvY	ilvY	-
iscR	hyaE	-
iscR	hyaF	-
iscR	sufA	+
iscR	napC	-
iscR	napB	-
iscR	napH	-
iscR	napG	-
iscR	napA	-
iscR	napF	-
iscR	iscA	-
iscR	napD	-
iscR	erpA	-
iscR	sufE	+
iscR	sufS	+
iscR	sufD	+
iscR	sufC	+
iscR	sufB	+
iscR	ydiU	+
iscR	iscU	-
iscR	iscS	-
iscR	iscR	-
iscR	nfuA	-
iscR	hyaA	-
iscR	hyaB	-
iscR	hyaC	-
iscR	hyaD	-
kdgR	eda	-
kdpE	kdpF	+
kdpE	kdpC	+
kdpE	kdpA	+
kdpE	kdpB	+
lacI	lacA	-
lacI	lacZ	-
lacI	lacY	-
leuO	bglB	+
leuO	bglJ	+
leuO	bglF	+
leuO	bglG	+
leuO	cadC	-
leuO	leuO	+
leuO	leuA	+
leuO	leuL	+
leuO	leuD	+
leuO	leuC	+
leuO	leuB	+
leuO	yjjQ	+
lexA	recN	-
lexA	rpoD	-
lexA	rpsU	-
lexA	ssb	-
lexA	sulA	-
lexA	umuC	-
lexA	umuD	-
lexA	uvrA	-
lexA	uvrB	-
lexA	uvrC	-
lexA	uvrD	-
lexA	ftsL	-
lexA	uvrY	-
lexA	dinD	-
lexA	dinG	-
lexA	dinF	-
lexA	ybfE	-
lexA	yebG	-
lexA	sbmC	-
lexA	recX	-
lexA	hokE	-
lexA	tisB	-
lexA	dinQ	-
lexA	yafQ	-
lexA	dinJ	-
lexA	dinB	-
lexA	yafN	-
lexA	yafO	-
lexA	yafP	-
lexA	ftsK	-
lexA	dinI	-
lexA	ydjM	-
lexA	cho	-
lexA	insK	-
lexA	symE	-
lexA	ruvA	-
lexA	ruvB	-
lexA	ddlB	-
lexA	dnaG	-
lexA	lpxC	-
lexA	ftsA	-
lexA	ftsI	-
lexA	ftsQ	-
lexA	ftsW	-
lexA	ftsZ	-
lexA	lexA	-
lexA	mraY	-
lexA	murC	-
lexA	murD	-
lexA	murE	-
lexA	murF	-
lexA	murG	-
lexA	phr	-
lexA	polB	-
lexA	recA	-
lldR	lldP	+-
lldR	lldD	+-
lldR	lldR	+-
lrhA	fimE	+
lrhA	lrhA	+
lrhA	flhD	-
lrhA	flhC	-
lrp	lhgO	+
lrp	alaT	-
lrp	alaU	-
lrp	alaV	-
lrp	gltT	-
lrp	gltU	-
lrp	gltV	-
lrp	gltW	-
lrp	ileT	-
lrp	ileU	-
lrp	ileV	-
lrp	micF	-
lrp	rrfA	-
lrp	rrfB	-
lrp	rrfC	-
lrp	rrfD	-
lrp	rrfE	-
lrp	rrfG	-
lrp	rrfH	-
lrp	rrlA	-
lrp	rrlB	-
lrp	rrlC	-
lrp	rrlD	-
lrp	rrlE	-
lrp	rrlG	-
lrp	rrlH	-
lrp	rrsA	-
lrp	rrsB	-
lrp	rrsC	-
lrp	rrsD	-
lrp	rrsE	-
lrp	rrsG	-
lrp	rrsH	-
lrp	rrfF	-
lrp	thrV	-
lrp	csiD	+
lrp	ilvX	-
lrp	adhE	-
lrp	aroA	+
lrp	fimA	+
lrp	fimC	+
lrp	fimD	+
lrp	fimE	+
lrp	fimF	+
lrp	fimG	+
lrp	fimH	+
lrp	gabT	+
lrp	gcvH	+
lrp	gltB	+
lrp	gltD	+
lrp	ilvA	-
lrp	ilvD	-
lrp	ilvE	-
lrp	ilvH	+
lrp	ilvI	+
lrp	ilvM	-
lrp	kbl	+
lrp	livF	-
lrp	livG	-
lrp	livH	-
lrp	livJ	-
lrp	livK	-
lrp	livM	-
lrp	lrp	-
lrp	lysU	-
lrp	malT	+
lrp	ompC	-
lrp	ompF	+
lrp	oppA	-
lrp	oppB	-
lrp	oppC	-
lrp	oppD	-
lrp	oppF	-
lrp	osmC	+-
lrp	sdaA	-
lrp	serA	+-
lrp	serC	+
lrp	tdh	+
lrp	argO	+
lrp	ilvL	-
lrp	gabD	+
lrp	gabP	+
lrp	osmY	-
lrp	hdeA	-
lrp	hdeB	-
lrp	yhiD	-
lrp	dadA	+-
lrp	dadX	+-
lrp	gcvT	+
lrp	gltF	+
lrp	stpA	+
lrp	gcvP	+
lrp	aidB	-
lrp	fimI	+
lrp	yeiL	+
lrp	yojI	+
lsrR	lsrC	-
lsrR	lsrG	-
lsrR	lsrK	-
lsrR	lsrR	-
lsrR	lsrA	-
lsrR	tam	-
lsrR	lsrD	-
lsrR	lsrB	-
lsrR	lsrF	-
lysR	lysR	-
lysR	lysA	+
malI	malI	-
malI	malY	-
malI	malX	-
malT	lamB	+
malT	malP	+
malT	malM	+
malT	malK	+
malT	malG	+
malT	malF	+
malT	malE	+
malT	malQ	+
malT	malZ	+
malT	malS	+
marA	pqiB	+
marA	pqiA	+
marA	ybaO	+
marA	nfsB	+
marA	micF	+
marA	slp	-
marA	dctR	-
marA	acrB	+
marA	acrA	+
marA	marB	+
marA	marR	+
marA	marA	+
marA	inaA	+
marA	rfaY	+
marA	rfaZ	+
marA	yhiD	-
marA	hdeB	-
marA	hdeA	-
marA	rob	-
marA	zwf	+
marA	fumC	+
marA	fpr	+
marA	nfo	+
marA	poxB	+
marA	purA	-
marA	putA	+
marA	sodA	+
marA	tolC	+
marA	ygiA	+
marA	ygiB	+
marA	ygiC	+
marR	marA	-
marR	marB	-
marR	marR	-
melR	melA	+-
melR	melB	+-
melR	melR	+-
metJ	metF	-
metJ	metK	-
metJ	metL	-
metJ	metR	-
metJ	yeiB	-
metJ	folE	-
metJ	ahpC	-
metJ	ahpF	-
metJ	metQ	-
metJ	metN	-
metJ	metI	-
metJ	metA	-
metJ	metB	-
metJ	metC	-
metJ	metE	-
metR	glyA	+
metR	hmp	+
metR	metR	-
metR	metE	+
metR	metH	+
metR	metA	+
mhpR	mhpE	+
mhpR	mhpA	+
mhpR	mhpF	+
mhpR	mhpC	+
mhpR	mhpD	+
mhpR	mhpB	+
mngR	mngR	-
mngR	mngA	-
mngR	mngB	-
mntR	mntH	-
modE	modB	-
modE	hycI	+
modE	deoA	-
modE	deoB	-
modE	deoC	-
modE	deoD	-
modE	dmsA	-
modE	dmsB	-
modE	dmsC	-
modE	hycA	+
modE	hycB	+
modE	hycC	+
modE	hycD	+
modE	hycE	+
modE	hycF	+
modE	hycG	+
modE	hycH	+
modE	narL	+
modE	narX	+
modE	oppA	-
modE	oppB	-
modE	oppC	-
modE	oppD	-
modE	oppF	-
modE	moaA	+
modE	moaB	+
modE	moaD	+
modE	moaE	+
modE	moaC	+
modE	ccmH	+
modE	ccmG	+
modE	ccmF	+
modE	ccmE	+
modE	ccmC	+
modE	ccmB	+
modE	ccmA	+
modE	napC	+
modE	napB	+
modE	napH	+
modE	napG	+
modE	napA	+
modE	napF	+
modE	napD	+
modE	ccmD	+
modE	modA	-
modE	modC	-
mprA	mprA	-
mprA	emrA	-
mprA	acrB	-
mprA	acrA	-
mprA	emrB	-
mqsA	mqsA	-
mqsR	mqsR	-
mqsR	mqsA	-
mqsA	mqsR	-
mtlR	mtlA	-
mtlR	mtlR	-
mtlR	mtlD	-
murR	murP	-
murR	murQ	-
nac	asnC	-
nac	nac	-
nac	gdhA	-
nac	mnmG	-
nac	gltB	-
nac	gltD	-
nac	serA	-
nac	mioC	-
nac	codA	+
nac	codB	+
nac	gabD	+
nac	gabP	+
nac	gltF	-
nac	nupC	+
nac	gabT	+
nadR	nadA	-
nadR	pnuC	-
nadR	pncB	-
nadR	nadB	-
nagC	chbB	-
nagC	nanC	-
nagC	chbA	-
nagC	chbR	-
nagC	chbF	-
nagC	fimB	+
nagC	glmS	+-
nagC	manX	-
nagC	manY	-
nagC	manZ	-
nagC	nagA	-
nagC	nagB	-
nagC	nagD	-
nagC	nagE	-
nagC	nagC	-
nagC	glmU	+-
nagC	galP	-
nagC	chbG	-
nagC	nanM	-
nagC	chbC	-
nanR	nanK	-
nanR	nanE	-
nanR	nanM	-
nanR	yhcH	-
nanR	fimB	+
nanR	nanA	-
nanR	nanT	-
nanR	nanC	-
narL	frdA	-
narL	frdB	-
narL	frdC	-
narL	frdD	-
narL	fumB	-
narL	hyaA	-
narL	hyaB	-
narL	hyaC	-
narL	hyaD	-
narL	hyaE	-
narL	hyaF	-
narL	narG	+
narL	narH	+
narL	narI	+
narL	narJ	+
narL	narK	+
narL	nirB	+
narL	nirC	+
narL	nirD	+
narL	ogt	+
narL	pflB	-
narL	dcuA	-
narL	fdnG	+
narL	fdnH	+
narL	fdnI	+
narL	focA	-
narL	ubiC	-
narL	ubiA	-
narL	cydD	+
narL	nikR	-
narL	nuoM	+
narL	nuoF	+
narL	nrfA	+-
narL	hybA	-
narL	hybB	-
narL	hybC	-
narL	hybD	-
narL	hybE	-
narL	hybF	-
narL	hybG	-
narL	torA	-
narL	torC	-
narL	nrfB	+-
narL	nrfC	+-
narL	nrfD	+-
narL	nrfE	+-
narL	nrfF	+-
narL	nrfG	+-
narL	ccmH	-
narL	ccmG	-
narL	ccmF	-
narL	ccmE	-
narL	ccmC	-
narL	ccmB	-
narL	ccmA	-
narL	napC	-
narL	napB	-
narL	napH	-
narL	napG	-
narL	napA	-
narL	napF	-
narL	nikA	-
narL	nikB	-
narL	nikC	-
narL	nikD	-
narL	nikE	-
narL	nuoA	+
narL	nuoB	+
narL	nuoC	+
narL	nuoE	+
narL	nuoG	+
narL	nuoH	+
narL	nuoI	+
narL	nuoJ	+
narL	nuoK	+
narL	nuoL	+
narL	nuoN	+
narL	napD	-
narL	ccmD	-
narL	torD	-
narL	norW	-
narL	caiF	-
narL	hcr	+
narL	hcp	+
narL	ynfE	-
narL	ynfF	-
narL	ynfG	-
narL	ynfH	-
narL	dmsD	-
narL	ydhT	-
narL	ydhU	-
narL	ydhX	-
narL	ydhW	-
narL	ydhV	-
narL	ydhY	-
narL	yoaG	+
narL	yeaR	+
narL	norV	-
narL	hybO	-
narL	dcuR	-
narL	dcuS	-
narL	ytfE	+
narL	dcuB	-
narL	cydC	+
narL	adhE	-
narL	aspA	-
narL	moeA	+
narL	moeB	+
narL	cysG	+
narL	dmsA	-
narL	dmsB	-
narL	dmsC	-
narL	fdhF	-
narP	fdnH	-
narP	fdnI	-
narP	nrfA	+
narP	nrfB	+
narP	nrfC	+
narP	nrfD	+
narP	nrfE	+
narP	nrfF	+
narP	nrfG	+
narP	ccmH	+-
narP	ccmG	+-
narP	ccmF	+-
narP	ccmE	+-
narP	ccmC	+-
narP	ccmB	+-
narP	ccmA	+-
narP	napC	+-
narP	napB	+-
narP	napH	+-
narP	napG	+-
narP	napA	+-
narP	napF	+-
narP	napD	+-
narP	ccmD	+-
narP	norW	-
narP	hcr	+
narP	hcp	+
narP	ydhT	-
narP	ydhU	-
narP	ydhX	-
narP	ydhW	-
narP	ydhV	-
narP	ydhY	-
narP	yoaG	+
narP	yeaR	+
narP	norV	-
narP	ytfE	+
narP	cysG	+
narP	fdhF	+
narP	hyaA	-
narP	hyaB	-
narP	hyaC	-
narP	hyaD	-
narP	hyaE	-
narP	hyaF	-
narP	nirB	+
narP	nirC	+
narP	nirD	+
narP	fdnG	-
nemR	nemA	-
nemR	nemR	-
nhaR	pgaB	+
nhaR	pgaA	+
nhaR	nhaA	+
nhaR	pgaC	+
nhaR	nhaR	+
nhaR	pgaD	+
nhaR	osmC	+
nikR	nikR	-
nikR	nikA	-
nikR	nikE	-
nikR	nikC	-
nikR	nikD	-
nikR	nikB	-
norR	norR	-
norR	norV	+
norR	norW	+
nrdR	nrdA	-
nrdR	nrdB	-
nrdR	nrdD	-
nrdR	nrdG	-
nrdR	nrdE	-
nrdR	nrdH	-
nrdR	nrdI	-
nrdR	nrdF	-
nsrR	pheM	-
nsrR	ygbA	-
nsrR	wzzE	-
nsrR	ydbD	-
nsrR	fliA	-
nsrR	fliZ	-
nsrR	yfhB	-
nsrR	tadA	-
nsrR	sufA	-
nsrR	rffE	-
nsrR	rffD	-
nsrR	rffG	-
nsrR	rffH	-
nsrR	rffC	-
nsrR	rffA	-
nsrR	wzyE	-
nsrR	rffM	-
nsrR	wzxE	-
nsrR	dkgB	-
nsrR	nrfA	-
nsrR	tehA	-
nsrR	tehB	-
nsrR	nrfB	-
nsrR	nrfC	-
nsrR	nrfD	-
nsrR	nrfE	-
nsrR	nrfF	-
nsrR	nrfG	-
nsrR	norR	-
nsrR	grxD	-
nsrR	dsdC	-
nsrR	rybB	-
nsrR	mhpT	-
nsrR	hcr	-
nsrR	hcp	-
nsrR	feaR	-
nsrR	ydhO	-
nsrR	sufE	-
nsrR	sufS	-
nsrR	sufD	-
nsrR	sufC	-
nsrR	sufB	-
nsrR	yeaE	-
nsrR	yoaG	-
nsrR	yeaR	-
nsrR	fliY	-
nsrR	hycI	-
nsrR	rffT	-
nsrR	ytfE	-
nsrR	yjgI	-
nsrR	feaB	-
nsrR	aceE	-
nsrR	aceF	-
nsrR	cdd	-
nsrR	fhlA	-
nsrR	ihfA	-
nsrR	hmp	-
nsrR	hycA	-
nsrR	hycB	-
nsrR	hycC	-
nsrR	hycD	-
nsrR	hycE	-
nsrR	hycF	-
nsrR	hycG	-
nsrR	hycH	-
nsrR	hypA	-
nsrR	hypB	-
nsrR	hypC	-
nsrR	hypD	-
nsrR	hypE	-
nsrR	infC	-
nsrR	lrp	-
nsrR	ndh	-
nsrR	pheS	-
nsrR	pheT	-
nsrR	rfe	-
nsrR	rplT	-
nsrR	smpA	-
nsrR	sodB	-
nsrR	thrS	-
nsrR	rpmI	-
nsrR	tsgA	-
nsrR	yibD	-
glnG	hisM	+
glnG	ygjG	+
glnG	glnA	+-
glnG	glnG	+-
glnG	glnH	+-
glnG	glnL	+-
glnG	glnP	+-
glnG	glnQ	+-
glnG	hisP	+
glnG	potF	+
glnG	potG	+
glnG	potH	+
glnG	potI	+
glnG	amtB	+
glnG	hisJ	+
glnG	hisQ	+
glnG	glnK	+
glnG	yhdW	+
glnG	yhdX	+
glnG	yhdY	+
glnG	yhdZ	+
glnG	rutG	+
glnG	rutF	+
glnG	rutE	+
glnG	rutD	+
glnG	rutC	+
glnG	rutB	+
glnG	rutA	+
glnG	ddpF	+
glnG	ddpD	+
glnG	ddpC	+
glnG	ddpB	+
glnG	ddpA	+
glnG	ddpX	+
glnG	astE	+
glnG	astB	+
glnG	astD	+
glnG	astA	+
glnG	astC	+
glnG	yeaG	+
glnG	yeaH	+
glnG	cbl	+
glnG	nac	+
glnG	argT	+
ompR	csgD	+
ompR	tppB	+
ompR	csgF	+
ompR	csgG	+
ompR	ecnB	-
ompR	omrB	+
ompR	omrA	+
ompR	micF	+
ompR	sra	-
ompR	ompF	+-
ompR	ompC	+
ompR	flhD	-
ompR	flhC	-
ompR	fadL	-
ompR	bolA	-
ompR	csgE	+
oxyR	sufB	+
oxyR	flu	-
oxyR	mntH	+
oxyR	fhuF	-
oxyR	uof	+
oxyR	sufC	+
oxyR	sufD	+
oxyR	sufS	+
oxyR	sufE	+
oxyR	dsbG	+
oxyR	yhjA	+
oxyR	trxC	+
oxyR	dps	+
oxyR	ahpF	+
oxyR	ahpC	+
oxyR	sufA	+
oxyR	oxyR	-
oxyR	katG	+
oxyR	hemH	+
oxyR	grxA	+
oxyR	fur	+
oxyR	gor	+
paaX	maoC	-
paaX	paaA	-
paaX	paaB	-
paaX	paaC	-
paaX	paaD	-
paaX	paaK	-
paaX	paaF	-
paaX	paaG	-
paaX	paaH	-
paaX	paaI	-
paaX	paaJ	-
paaX	paaE	-
pdhR	aceE	-
pdhR	tomB	-
pdhR	cyoA	-
pdhR	cyoB	-
pdhR	cyoC	-
pdhR	cyoD	-
pdhR	cyoE	-
pdhR	fecA	+
pdhR	fecB	+
pdhR	fecC	+
pdhR	fecD	+
pdhR	fecE	+
pdhR	hemL	-
pdhR	hha	-
pdhR	lpd	-
pdhR	ndh	-
pdhR	pdhR	-
pdhR	yfiD	-
pdhR	aceF	-
pepA	carA	-
pepA	pepA	-
pepA	carB	-
phoB	amn	+
phoB	asr	+
phoB	argP	+
phoB	phnC	+
phoB	phnD	+
phoB	phnF	+
phoB	phnG	+
phoB	phnH	+
phoB	phnI	+
phoB	phnJ	+
phoB	phnK	+
phoB	phnL	+
phoB	phnM	+
phoB	phnN	+
phoB	phnO	+
phoB	phnP	+
phoB	phoA	+
phoB	phoB	+
phoB	phoE	+
phoB	phoR	+
phoB	pstS	+
phoB	phoU	+
phoB	pstA	+
phoB	pstB	+
phoB	pstC	+
phoB	ugpA	+-
phoB	ugpB	+-
phoB	ugpC	+-
phoB	ugpE	+-
phoB	ugpQ	+-
phoB	psiE	+
phoB	yibD	+
phoB	phnE	+
phoB	psiF	+
phoB	phoH	+
phoB	pitB	-
phoB	eda	-
phoP	mgtA	+
phoP	borD	+
phoP	ybjG	+
phoP	rutG	+
phoP	rutF	+
phoP	rutE	+
phoP	rutD	+
phoP	rutC	+
phoP	rutB	+
phoP	rutA	+
phoP	rstA	+
phoP	slyB	+-
phoP	mgrB	+
phoP	yrbL	+
phoP	dcuD	-
phoP	argD	-
phoP	fadL	+
phoP	hemL	+
phoP	metB	+
phoP	metL	+
phoP	nagA	+
phoP	phoP	+-
phoP	phoQ	+-
phoP	purD	+
phoP	purH	+
phoP	tolC	+
phoP	ygiA	+
phoP	ygiB	+
phoP	ygiC	+
phoP	rstB	+
phoP	malS	+
phoP	acrA	-
phoP	acrB	-
phoP	pagP	+
phoP	treR	-
prpR	prpD	+
prpR	prpR	-
prpR	prpB	+
prpR	prpC	+
prpR	prpE	+
pspF	pspG	+
pspF	pspE	+
pspF	pspF	-
pspF	pspA	+
pspF	pspB	+
pspF	pspC	+
pspF	pspD	+
purR	codB	-
purR	hflD	-
purR	gcvT	-
purR	gcvP	-
purR	carA	-
purR	carB	-
purR	cvpA	-
purR	gcvH	-
purR	glnB	-
purR	glyA	-
purR	guaA	-
purR	guaB	-
purR	prs	-
purR	purA	-
purR	purC	-
purR	purD	-
purR	purE	-
purR	purF	-
purR	codA	-
purR	purB	-
purR	ubiX	-
purR	speB	-
purR	speA	-
purR	pyrD	-
purR	pyrC	-
purR	purR	-
purR	purN	-
purR	purM	-
purR	purL	-
purR	purH	-
purR	purK	-
putA	putA	-
putA	putP	-
qseB	flhC	+
qseB	qseB	+
qseB	qseC	+
qseB	flhD	+
rbsR	rbsA	-
rbsR	rbsB	-
rbsR	rbsR	-
rbsR	rbsD	-
rbsR	rbsK	-
rbsR	rbsC	-
rcnR	rcnR	-
rcnR	rcnA	-
rcsA	ftsA	+
rcsA	ftsZ	+
rcsA	osmB	+
rcsA	osmC	+
rcsA	rcsA	+
rcsA	sra	+
rcsA	yjbE	+
rcsA	yjbF	+
rcsA	yjbG	+
rcsA	yjbH	+
rcsA	rprA	+
rcsA	csgG	-
rcsA	csgF	-
rcsA	csgE	-
rcsA	csgD	-
rcsA	bdm	+
rcsA	wcaB	+
rcsA	wcaA	+
rcsA	wzc	+
rcsB	wza	+
rcsA	wza	+
rcsB	flhC	-
rcsB	flhD	-
rcsB	ftsA	+
rcsB	ftsZ	+
rcsB	osmB	+
rcsB	osmC	+
rcsB	rcsA	+
rcsB	sra	+
rcsB	yjbE	+
rcsB	yjbF	+
rcsB	yjbG	+
rcsB	yjbH	+
rcsB	rprA	+
rcsB	csgG	-
rcsB	csgF	-
rcsB	csgE	-
rcsB	csgD	-
rcsB	bdm	+
rcsB	wcaB	+
rcsB	wcaA	+
rcsB	wzc	+
rcsB	wzb	+
rcsA	flhD	-
rcsA	flhC	-
rcsA	wzb	+
relB	relB	-
relB	hokD	-
relE	relE	-
relE	relB	-
relE	hokD	-
relB	relE	-
rhaR	rhaR	+
rhaR	rhaS	+
rhaS	rhaT	+
rhaS	rhaA	+
rhaS	rhaB	+
rhaS	rhaS	+
rhaS	rhaR	+
rhaS	rhaD	+
rob	aslB	+
rob	fumC	+
rob	nfo	+
rob	sodA	+
rob	tolC	+
rob	ygiA	+
rob	ygiB	+
rob	ygiC	+
rob	zwf	+
rob	mltF	+
rob	inaA	+
rob	marA	+
rob	marR	+
rob	marB	+
rob	acrA	+
rob	acrB	+
rob	micF	+
rob	ybiS	+
rstA	ompF	-
rstA	narG	+
rstA	narH	+
rstA	narI	+
rstA	asr	+
rstA	csgD	-
rstA	csgE	-
rstA	csgF	-
rstA	csgG	-
rstA	narJ	+
rtcR	rtcA	+
rtcR	rtcB	+
rutR	nemR	-
rutR	gmr	-
rutR	rutA	-
rutR	rutB	-
rutR	rutC	-
rutR	rutD	-
rutR	rutE	-
rutR	rutF	-
rutR	rutG	-
rutR	rutR	-
rutR	gadX	-
rutR	gadW	-
rutR	fepB	-
rutR	carB	+
rutR	nemA	-
rutR	carA	+
sdiA	ydiV	+
sdiA	ftsZ	-
sdiA	ftsQ	+-
sdiA	ftsA	-
sgrR	thiP	-
sgrR	thiQ	-
sgrR	tbpA	-
sgrR	setA	+
sgrR	yfdZ	+
sgrR	sgrS	+
sgrR	sgrR	-
slyA	hlyE	+
soxR	fumC	+
soxR	soxR	-
soxR	soxS	+
soxS	nfsA	+
soxS	ribA	+
soxS	inaA	+
soxS	rfaY	+
soxS	rfaZ	+
soxS	marA	+
soxS	marR	+
soxS	marB	+
soxS	acrA	+
soxS	acrB	+
soxS	fldB	+
soxS	ybjC	+
soxS	micF	+
soxS	ybjN	+
soxS	pqiA	+
soxS	pqiB	+
soxS	zinT	+
soxS	uof	+
soxS	zwf	+
soxS	ygiC	+
soxS	ygiB	+
soxS	ygiA	+
soxS	tolC	+
soxS	soxS	-
soxS	sodA	+
soxS	rimK	+
soxS	ptsG	+
soxS	poxB	+
soxS	pgi	+
soxS	nfo	+
soxS	fpr	+
soxS	fur	+
soxS	fldA	+
soxS	fumC	+
stpA	bglB	-
stpA	bglF	-
stpA	bglG	-
stpA	stpA	-
tdcA	tdcC	+
tdcA	tdcD	+
tdcA	tdcG	+
tdcA	tdcF	+
tdcA	tdcE	+
tdcA	tdcA	+
tdcA	tdcB	+
tdcR	tdcE	+
tdcR	tdcA	+
tdcR	tdcB	+
tdcR	tdcC	+
tdcR	tdcF	+
tdcR	tdcG	+
tdcR	tdcD	+
torR	tnaB	+
torR	gadA	-
torR	torR	-
torR	gadX	-
torR	torD	+
torR	torC	+
torR	torA	+
torR	yhiD	+
torR	hdeB	+
torR	hdeA	+
torR	tnaC	+
torR	tnaA	+
treR	treC	-
treR	treB	-
trpR	trpB	-
trpR	trpA	-
trpR	trpC	-
trpR	trpD	-
trpR	trpE	-
trpR	trpR	-
trpR	yaiA	-
trpR	trpL	-
trpR	mtr	-
trpR	aroH	-
trpR	aroL	-
trpR	aroM	-
tyrR	yaiA	-
tyrR	tyrA	-
tyrR	mtr	+
tyrR	tyrR	-
tyrR	tyrP	+-
tyrR	folA	+
tyrR	aroF	-
tyrR	aroG	-
tyrR	aroL	-
tyrR	aroM	-
tyrR	aroP	-
tyrR	tyrB	-
uhpA	uhpT	+
uidR	uidR	-
uidR	uidC	-
uidR	uidB	-
uidR	uidA	-
ulaR	ulaF	-
ulaR	ulaE	-
ulaR	ulaD	-
ulaR	ulaA	-
ulaR	ulaG	-
ulaR	ulaC	-
ulaR	ulaB	-
uxuR	uidA	-
uxuR	uxuA	-
uxuR	uidB	-
uxuR	gntP	-
uxuR	uxuB	-
uxuR	uidC	-
uxuR	uxuR	-
xapR	xapB	+
xapR	xapA	+
xylR	xylG	+
xylR	xylH	+
xylR	xylF	+
xylR	xylR	+
xylR	xylA	+
xylR	xylB	+
ydeO	mdtF	+
ydeO	mdtE	+
ydeO	gadE	+
yeiL	yeiL	+
yiaJ	yiaN	-
yiaJ	yiaM	-
yiaJ	yiaL	-
yiaJ	yiaK	-
yiaJ	yiaO	-
yiaJ	sgbE	-
yiaJ	sgbU	-
yiaJ	sgbH	-
yiaJ	lyxK	-
yefM	yoeB	-
yefM	yefM	-
yoeB	yefM	-
yoeB	yoeB	-
zntR	zntA	+
zraR	zraP	+
zraR	zraR	+
zraR	zraS	+
zur	ykgO	-
zur	znuC	-
zur	znuA	-
zur	ykgM	-
zur	znuB	-
zur	zinT	-
